order_id,customer_name,customer_email,product_name,category,quantity,unit_price,total_amount,status,city,order_date
ORD-1001,Alice Johnson,alice.j@example.com,Wireless Noise-Canceling Headphones,Electronics,1,199.99,199.99,Delivered,New York,2024-01-15
ORD-1002,Bob Smith,bob.smith@example.com,Ergonomic Office Chair,Furniture,1,349.50,349.50,Delivered,San Francisco,2024-01-18
ORD-1003,Charlie Brown,charlie.b@example.com,Mechanical Keyboard,Electronics,2,89.00,178.00,Shipped,Austin,2024-01-22
ORD-1004,Bob Smith,bob.smith@example.com,Ultra-Wide Monitor 34-inch,Electronics,1,599.00,599.00,Cancelled,San Francisco,2024-01-25
ORD-1005,Diana Prince,diana.p@example.com,USB-C Multi-Port Hub,Accessories,2,45.00,90.00,Delivered,Chicago,2024-02-02
ORD-1006,Evan Wright,evan.w@example.com,Portable SSD 1TB,Storage,1,119.99,119.99,Delivered,Seattle,2024-02-05
ORD-1007,Alice Johnson,alice.j@example.com,Laptop Stand Aluminum,Accessories,1,49.99,49.99,Delivered,New York,2024-02-10
ORD-1008,Fiona Gallagher,fiona.g@example.com,Smart Fitness Watch,Wearables,1,229.00,229.00,Processing,Boston,2024-02-14
ORD-1009,George Clark,george.c@example.com,Wireless Noise-Canceling Headphones,Electronics,1,199.99,199.99,Delivered,Denver,2024-02-20
ORD-1010,Hannah Abbott,hannah.a@example.com,Ergonomic Office Chair,Furniture,2,349.50,699.00,Shipped,Miami,2024-02-28
ORD-1011,Charlie Brown,charlie.b@example.com,Portable SSD 1TB,Storage,2,119.99,239.98,Delivered,Austin,2024-03-01
ORD-1012,Diana Prince,diana.p@example.com,Ultra-Wide Monitor 34-inch,Electronics,1,599.00,599.00,Delivered,Chicago,2024-03-05
ORD-1013,Evan Wright,evan.w@example.com,Mechanical Keyboard,Electronics,1,89.00,89.00,Cancelled,Seattle,2024-03-12
ORD-1014,Alice Johnson,alice.j@example.com,Smart Fitness Watch,Wearables,1,229.00,229.00,Shipped,New York,2024-03-15
ORD-1015,George Clark,george.c@example.com,USB-C Multi-Port Hub,Accessories,3,45.00,135.00,Cancelled,Denver,2024-03-19
ORD-1016,Fiona Gallagher,fiona.g@example.com,Laptop Stand Aluminum,Accessories,1,49.99,49.99,Delivered,Boston,2024-03-25
ORD-1017,Bob Smith,bob.smith@example.com,Wireless Noise-Canceling Headphones,Electronics,1,199.99,199.99,Delivered,San Francisco,2024-04-02
ORD-1018,Hannah Abbott,hannah.a@example.com,Mechanical Keyboard,Electronics,1,89.00,89.00,Delivered,Miami,2024-04-08
ORD-1019,Charlie Brown,charlie.b@example.com,Ergonomic Office Chair,Furniture,1,349.50,349.50,Processing,Austin,2024-04-14
ORD-1020,Diana Prince,diana.p@example.com,Smart Fitness Watch,Wearables,2,229.00,458.00,Delivered,Chicago,2024-04-19
ORD-1021,Evan Wright,evan.w@example.com,Ultra-Wide Monitor 34-inch,Electronics,1,599.00,599.00,Shipped,Seattle,2024-04-26
ORD-1022,Alice Johnson,alice.j@example.com,Portable SSD 1TB,Storage,1,119.99,119.99,Cancelled,New York,2024-05-02
ORD-1023,George Clark,george.c@example.com,Laptop Stand Aluminum,Accessories,2,49.99,99.98,Delivered,Denver,2024-05-09
ORD-1024,Fiona Gallagher,fiona.g@example.com,USB-C Multi-Port Hub,Accessories,1,45.00,45.00,Delivered,Boston,2024-05-15
ORD-1025,Hannah Abbott,hannah.a@example.com,Wireless Noise-Canceling Headphones,Electronics,1,199.99,199.99,Processing,Miami,2024-05-22
